appid,isim
1623730,Palworld
1938090,Call of Duty: Modern Warfare II
1063730,New World: Aeternum
2358720,Black Myth: Wukong
550,Left 4 Dead 2
2246340,Monster Hunter Wilds
553850,HELLDIVERS 2
1245620,ELDEN RING
105600,Terraria
2694490,Path of Exile 2
431960,Wallpaper Engine
1086940,Baldur's Gate 3
4000,Garry's Mod
359550,Tom Clancy's Rainbow Six Siege
252490,Rust
346110,ARK: Survival Evolved
413150,Stardew Valley
242760,The Forest
218620,PAYDAY 2
899770,Last Epoch
340,Half-Life 2: Lost Coast
1091500,Cyberpunk 2077
381210,Dead by Daylight
990080,Hogwarts Legacy
292030,The Witcher 3: Wild Hunt — Remastered
945360,Among Us
49520,Borderlands 2
227300,Euro Truck Simulator 2
892970,Valheim
739630,Phasmophobia
320,Half-Life 2: Deathmatch
70,Half-Life
582010,Monster Hunter: World
108600,Project Zomboid
1966720,Lethal Company
1174180,Red Dead Redemption 2
1517290,Battlefield 2042
648800,Raft
10,Counter-Strike
240,Counter-Strike: Source
3164500,Schedule I
400,Portal
322330,Don't Starve Together
239140,Dying Light
477160,Human Fall Flat
251570,7 Days to Die
100,Counter-Strike: Condition Zero
417910,Street Warriors Online
594650,Hunt: Showdown 1896
814380,Sekiro: Shadows Die Twice - GOTY Edition
1116170,CyberCorp
220,Half-Life 2
107410,Arma 3
1326470,Sons Of The Forest
219990,Grim Dawn
255710,Cities: Skylines
261550,Mount & Blade II: Bannerlord
8930,Sid Meier's Civilization V
289070,Sid Meier’s Civilization VI
377160,Fallout 4
532210,Life is Strange 2
2186680,"Warhammer 40,000: Rogue Trader"
1238810,Battlefield V
3241660,R.E.P.O.
221100,DayZ
526870,Satisfactory
632360,Risk of Rain 2
204360,Castle Crashers
72850,The Elder Scrolls V: Skyrim
394360,Hearts of Iron IV
489830,The Elder Scrolls V: Skyrim Special Edition
322170,Geometry Dash
1446780,MONSTER HUNTER RISE
203160,Tomb Raider Game of the Year
275850,No Man's Sky
367520,Hollow Knight
2050650,Resident Evil 4
284160,BeamNG.drive
278360,A Story About My Uncle
264710,Subnautica
80,Counter-Strike: Condition Zero
370910,Kathy Rain
40,Deathmatch Classic
275390,Guacamelee! Super Turbo Championship Edition
2881650,Content Warning
311210,Call of Duty: Black Ops III
1172620,Sea of Thieves: 2026 Edition
22380,Fallout: New Vegas
250900,The Binding of Isaac: Rebirth
10180,Call of Duty: Modern Warfare 2 (2009)
582660,Black Desert
1229490,ULTRAKILL
1426210,It Takes Two
2195250,EA SPORTS FC 24
2183900,"Warhammer 40,000: Space Marine 2"
883710,Resident Evil 2
219640,Chivalry: Medieval Warfare
306130,The Elder Scrolls Online
244210,Assetto Corsa
268500,XCOM 2
1794680,Vampire Survivors
242050,Assassin’s Creed IV Black Flag
30,Day of Defeat
236850,Europa Universalis IV
379720,DOOM
601150,Devil May Cry 5
1145360,Hades
671860,BattleBit Remastered
427520,Factorio
221380,Age of Empires II (Retired)
231430,Company of Heroes 2
594570,Total War: WARHAMMER II
391540,Undertale
976730,Halo: The Master Chief Collection
646570,Slay the Spire
588650,Dead Cells
268910,Cuphead
500,Left 4 Dead
1118200,People Playground
620,Portal 2
1551360,Forza Horizon 5
380,Half-Life 2: Episode One
360,Half-Life Deathmatch: Source
779340,Total War: THREE KINGDOMS
233450,Prison Architect
782330,DOOM Eternal
513710,SCUM
420,Half-Life 2: Episode Two
435150,Divinity: Original Sin 2 - Definitive Edition
1604030,V Rising
534380,Dying Light 2 Stay Human: Reloaded Edition
548430,Deep Rock Galactic
294100,RimWorld
1237970,Titanfall 2
10190,Call of Duty: Modern Warfare 2 (2009)
424840,Little Nightmares
2669320,EA SPORTS FC 25
518790,theHunter: Call of the Wild
365590,Tom Clancy’s The Division
223470,POSTAL 2
241930,Middle-earth: Shadow of Mordor
3240220,Grand Theft Auto V Enhanced
440900,Conan Exiles Enhanced
374320,DARK SOULS III
1868140,DAVE THE DIVER
304390,FOR HONOR
48700,Mount & Blade: Warband
2630,Call of Duty 2
12210,Grand Theft Auto IV: The Complete Edition
1144200,Ready or Not
1332010,Stray
206420,Saints Row IV: Re-Elected
225540,Just Cause 3
285800,Braveland
286690,Metro 2033 Redux
1593500,God of War
1238840,Battlefield 1
812140,Assassin's Creed Odyssey
960090,Bloons TD 6
55230,Saints Row: The Third
262060,Darkest Dungeon
2001120,Split Fiction
281990,Stellaris
252130,Divide By Sheep
211820,Starbound
8190,Just Cause 2
6060,"STAR WARS Battlefront II (Classic, 2005)"
508440,Totally Accurate Battle Simulator
115300,Call of Duty: Modern Warfare 3 (2011)
42910,Magicka
39210,FINAL FANTASY XIV Online
1222680,Need for Speed Heat
351940,The Descendant
1250,Killing Floor
2623190,The Elder Scrolls IV: Oblivion Remastered
323190,Frostpunk
1716740,Starfield
813780,Age of Empires II: Definitive Edition
57300,Amnesia: The Dark Descent
395170,DISTRAINT: Deluxe Edition
20920,The Witcher 2: Assassins of Kings Enhanced Edition
212680,FTL: Faster Than Light
286160,Tabletop Simulator
311690,Enter the Gungeon
1145350,Hades II
1366800,Crosshair X
1196590,Resident Evil Village
613100,House Flipper
1172380,STAR WARS Jedi: Fallen Order
202970,Call of Duty: Black Ops II
304430,INSIDE
3590,Plants vs. Zombies GOTY Edition
1260320,Party Animals
33930,Arma 2: Operation Arrowhead
457140,Oxygen Not Included
620980,Beat Saber
1222140,Detroit: Become Human
1817070,Marvel’s Spider-Man Remastered
205100,Dishonored
24240,PAYDAY The Heist
962130,Grounded
356190,Middle-earth: Shadow of War
274190,Broforce
234140,Mad Max
552520,Far Cry 5
7670,BioShock
270880,American Truck Simulator
1203620,Enshrouded
397540,Borderlands 3
674940,Stick Fight: The Game
701160,Kingdom Two Crowns
1832640,Mirror 2: Project X
208650,Batman: Arkham Knight
48000,LIMBO
2379780,Balatro
298110,Far Cry 4
42710,Call of Duty: Black Ops
200710,Torchlight II
1903340,Clair Obscur: Expedition 33
244850,Space Engineers
1366540,Dyson Sphere Program
201270,Total War: SHOGUN 2
389730,TEKKEN 7
10090,Call of Duty: World at War
1259420,Days Gone
261640,Borderlands: The Pre-Sequel
220200,Kerbal Space Program
1142710,Total War: WARHAMMER III
219150,Hotline Miami
418460,Rising Storm 2: Vietnam
20900,The Witcher: Enhanced Edition Director's Cut
552500,Warhammer: Vermintide 2
1057090,Ori and the Will of the Wisps
359320,Elite Dangerous
214950,Total War: ROME II - Emperor Edition
9480,Saints Row 2
245170,Skullgirls 2nd Encore
207610,The Walking Dead
35450,Red Orchestra 2: Heroes of Stalingrad with Rising Storm
285900,Gang Beasts
232090,Killing Floor 2
42680,Call of Duty: Modern Warfare 3 (2011)
1771300,Kingdom Come: Deliverance II
447040,Watch_Dogs 2
200510,XCOM: Enemy Unknown
361420,ASTRONEER
33900,Arma 2
209080,Guns of Icarus Online
307780,Mortal Kombat X
403640,Dishonored 2
287700,METAL GEAR SOLID V: THE PHANTOM PAIN
460930,Tom Clancy's Ghost Recon Wildlands
219740,Don't Starve
96000,The Tiny Bang Story
35720,Trine 2: Complete Story
880940,Pummel Party
387990,Scrap Mechanic
686810,Hell Let Loose
409710,BioShock Remastered
418370,Resident Evil 7 Biohazard
50130,Mafia II (Classic)
1454400,Cookie Clicker
379430,Kingdom Come: Deliverance
274170,Hotline Miami 2: Wrong Number
232770,POSTAL
1363080,Manor Lords
585690,Minimalism
289650,Assassin's Creed Unity
17410,Mirror's Edge
4560,Company of Heroes - Legacy Edition
2479810,Gray Zone Warfare
233130,Shadow Warrior
1056960,Wolfenstein: Youngblood
976310,Mortal Kombat 11
202990,Call of Duty: Black Ops II
678950,DRAGON BALL FighterZ
1151340,Fallout 76
213670,South Park: The Stick of Truth
3097560,Liar's Bar
335300,DARK SOULS II: Scholar of the First Sin
233860,Kenshi
240720,Getting Over It with Bennett Foddy
391720,Layers of Fear (2016)
838350,The Scroll of Taiwu : Beyond The Dome
238320,Outlast
282070,This War of Mine
412020,Metro Exodus
1158310,Crusader Kings III
2567870,Chained Together
265930,Goat Simulator
214490,Alien: Isolation
362890,Black Mesa
617290,Remnant: From the Ashes
1943950,Escape the Backrooms
203140,Hitman: Absolution
1942280,Brotato
238460,BattleBlock Theater
38400,Fallout: A Post Nuclear Role Playing Game
881020,Granblue Fantasy: Relink
65800,Dungeon Defenders
